_id,Company_NM,Detail_Category,Position_NM,URL,MainTask,Qual,Qual2
5f294bed88c9683752dc8449,클래스101(Class101),기업영업,클래스 기획MD,https://www.wanted.co.kr/wd/24598,"클래스101의 MD는 여러 분야의 크리에이터를 찾고 설득하며, 크리에이터와 함께 클래스를 개설하는 전 과정을 책임집니다. 클래스 기획, 수요 예측, 사전 예약 진행, 클래스 판매 등 각각의 과정에서 크리에이터로부터 받은 자료를 매력적으로 가공해 셀링 페이지를 제작합니다. 그동안 클래스101의 MD는 평균 만족도 96% 이상의 클래스를 300여 개 이상 제작하였습니다. MD의 직무 역량은 크리에이터의 삶에 변화를 가져옵니다. 누군가는 공방을 만들었고, 또 누군가는 자신의 일에 확신을 갖게 되었습니다. 

클래스101은 세상 사람들이 자신이 사랑하는 일을 하면서 멋지게 살 수 있는 세상을 만들고 싶습니다. 또, 자신이 사랑하는 일을 하고 있는 사람들을 충분히 널리 알리고 더 멋있게 만들어 드리고 싶습니다. MD는 클래스101의 시작입니다. 모두가 사랑하는 일을 하며 살 수 있도록, 클래스101을 함께 만들 MD 팀원을 모십니다.

[주요업무]
- 크리에이터 영업: 클래스101과 함께 온라인 클래스를 개설할 수 있을만한 역량을 갖춘 크리에이터를 직접 찾고, 섭외하는 일을 담당합니다.
- 영업 기획: 클래스101은 대한민국에서 새롭고 최초로 시도되는 온라인 클래스 플랫폼입니다. 클래스101의 사업 방향에 맞게 어떤 클래스 카테고리를 어떤 방식으로 확장해 나갈지를 MD가 기획하고 해당 전략에 맞게 영업합니다.
- 클래스 기획 및 수요 조사: 어떤 클래스가 잘 팔리지에 대해 크리에이터와 함께 고민합니다. 또, 크리에이터가 직접 작성한 알림 신청 페이지 등의 내용을 확인하고 실제 수요를 진행합니다.
- 데이터 분석: 크리에이터 및 클래스 관련 지표 분석 및 다양한 가설 수립과 실험을 통해 인사이트를 발굴합니다.
- 셀링 페이지 편집: 클래스가 실제 판매 단계에 이를 수 있도록 매력적이게 꾸미는 일을 합니다.","[자격요건]
- IT스타트업 경험이 있으신 분, 영업 경력 3년 이상이신 분

- (가장 중요) 크리에이터의 가슴이 뛰게 하는 설득 능력: 클래스101은 매우 빠르게 성장하고 있는, 그리고 매우 생소한 플랫폼입니다. 때문에, 많은 분들은 기존에 하던 시간을 줄이고 새로운 플랫폼에 자신의 시간을 사용하는것에 대해 큰 부담을 가지고 있습니다. 하지만 많은 크리에이터들이 그러한 위험을 가지고 큰 성공을 거두었습니다. 그것은 MD들의 도움과 큰 관심, 그리고 신뢰가 있었기 때문입니다. 크리에이터들에게 신뢰를 주고 그들을 도전하게 도와주세요. 그리고 그러한 도전을 클래스101이 항상 함께 한다는 걸 알려주세요.

- 기획, 제작 능력: MD는 크리에이터, 크리에이터가 속한 분야에 대해 취재를 하고, 크리에이터의 클래스를 기획/제작 합니다. 크리에이터의 역량을 최대치로 끌어올려주는 역할도 하기 때문에, 디자인 감각과 디렉팅능력도 겸비해야합니다.

- 크리에이터와의 명확한 커뮤니케이션: MD는 정확한 워딩과 맥락으로 클래스101의 매력과 비전을 전달하여 설득할 수 있어야 합니다. 또한, 크리에이터에게 클래스101이라는 플랫폼의 프로세스, 계약 세부사항 등을 정확하게 전달해야 합니다.

- 시장 분석 능력: 클래스101에서 런칭 가능한 클래스의 분야에는 한계가 없습니다. 다양한 내용을 가진 클래스가 제작되므로, MD는 어떤 클래스가 잘 판매되는지 분석하는 눈이 필요합니다.","- 클래스/교육 회사에서 기획 경험이 있으신 분
- 정량적, 정성적 영업 기획을 하고 전략적으로 영업에 접근할 수 있으신 분
- 영업의 중요성을 인지하고 있고, 공격적인 영업 경험이 있으신 분
- IT스타트업 경험이 있으신 분, 영업 경력 3년 이상이신 분
- 각종 다양한 단체/기업에서 섭외 업무를 해보신 분
- Data 분석이 가능하신 분"
5f294bed88c9683752dc844a,스마트잭,기업영업,[IT/Chemical/Bio/Cosmetics] B2B 세일즈 매니저,https://www.wanted.co.kr/wd/38635,"•  국내 신규거래선 개척 및 시장조사
•  국내 일반 및 B2B 고객확보 및 관리
•  사업부 실적관리
•  기업고객 미팅","•  전문대졸 이상
•  운전면허(1종) 소지자 및 운전가능자
•  출장 영업 활동 가능자
•  클라우드 기반 소프트웨어 이해도
•  SaaS(기술영업)/협업 소프트웨어에 대한 이해도","•  컴퓨터 활용능력 우수자
•  IT계열 업무경험자
•  경영계획 수립 및 실적관리 경험자
•  제약, 바이오, 화학계열 영업활동 경험자
•  화학/생명과학/신소재공학 전공자
•  B2B 소프트웨어 세일즈 경험자 우대"
5f294bed88c9683752dc844b,재이랩스,기업영업,"영업, 고객관리",https://www.wanted.co.kr/wd/42119,"1년 계약직(정규직 전환 가능)

• 기업, 병원, 기관 등 소프트웨어 및 프로젝트 영업
• B2B 업체 모집 및 전략기획
• 협력부서 소통 : 제품개발팀, 서비스운영팀
• 고객 관리, 피드백 관리 및 AS (기술지원)
• 오프라인 교육/온라인 교육/세미나 교육
• 대외 협력 및 외부 행사 진행","• OA 활용능력 우수자 (엑셀, PPT, 워드)
• 커뮤니케이션 능력 우수한 분
• B2B 영업 유경험자 (2년 이상)
• 문서 작업능력 우수한 분

논리적 사고 및 커뮤니케이션 능력
• 팀원들과 업무 중 과정 및 결과를 명확한 근거와 논리적으로 소통
• 팀웍을 위해 능동적인 토론 및 소통이 가능
• 적극적이고 긍정적인 마인드를 가지신 분
• 열린 자세로 디자인에 대한 피드백을 수용 및 학습이 가능한 분
• 문제 해결을 주도적으로 진행이 가능한 분
• 팀원들과 Notion으로 문서 정리 및 메뉴얼 제작이 가능한 분","• 의료업계 및 제약회사 영업 유경력자
• 엑셀 관련 자격증 소지자
• 정부과제 관리 시스템 경험자"
5f294bed88c9683752dc844c,짐싸(ZIMSSA),기업영업,[파트너제휴팀] 영업 관리자,https://www.wanted.co.kr/wd/33613,"* 서비스 공급/수요에 따른 업체 모집 및 전략 기획
  - 제휴사 서류확인, 인터뷰, 최종승인 관리
  - MS를 바탕으로한 장기적 공급/수요 제휴사 모집전략 기획

* 짐싸 서비스 VOC 관리, 제휴사 운영규정 및 규정위반 모니터링

* 제휴사 매출, 품질 관리,  KPI 전략 지표 설정
  - 제휴사의 꾸준한 매출전략 관리, 상담 진행
  - 서비스 품질 향상을 위한 전략 수립
  - 상생을 바탕으로 한 고객, 제휴사, 짐싸 공급/수요 전략기획

* 협력부서 소통 : CX 파트, 서비스운영 파트, 프로덕트팀 업무 협의","- 학력 : 대학 2,3년 졸업이상
- 경력 : 5년 이상
- MS Office 활용이 뛰어나신 분 (Excel 우대)
- 4년 이상 제휴사 영업 관리를 경험해 본 경험이 있는 분
- 핵심전략지표, 매출전략 수립이 가능하신 분

* 전형절차
  서류 > 1차 실무 인터뷰 > 2차 문화 인터뷰 > 최종합격

* 제출서류
  이력서, 자기소개서","- 유연한 성격으로 새로운 전략에 빠른 참여와 흡수가 가능하신 분
- 숫자와 객관적 근거를 바탕으로 설득, 소통 가능하신 분
- 시장의 문화를 이해하고, 새로운 방향으로 함께 바꿔나가실 분"
5f294bed88c9683752dc844d,스칸디에듀,기업영업,FC 사업 지원팀,https://www.wanted.co.kr/wd/42092,"- 가맹지점 및 놀이학교 개설 영업 및 상담
- 상권 분석 및 답사를 통한 가맹 확장 연구
- 계약 진행 및 오픈 셋팅
- 대표이사 출장 지원 및 수행 업무
- 대표이사 업무 보좌","- 남자 직원 채용
- 교육 프렌차이즈 상담 및 지원 업무 2년 이상 경력자
- 운전면허 필수, 운전 가능자","- 교육사업 가맹팀 경력우대
- 놀이학교 사업팀 경력우대"
5f294bed88c9683752dc844e,렛유인,기업영업,B2B 영업 담당자,https://www.wanted.co.kr/wd/3844,"- 사업주 훈련 원격훈련 기업 영업
- 온라인 교육/오프라인 교육/세미나 기업 영업","- 운전면허 소지 및 운전 가능하신 분
- OA 활용능력 우수자 (엑셀, PPT, 워드 등)
- 문서 작업능력이 뛰어나신 분
- 커뮤니케이션 능력이 뛰어나신 분",- 동종업계 경력자 우대
5f294bed88c9683752dc844f,몬드리안에이아이,기업영업,Business Development Manager,https://www.wanted.co.kr/wd/42059,"• Mondrian AI 제품과 관련된 비즈니스 전반의 사업 개발 업무 
• 신규 프로젝트 기획 및 문서화, 계약 및 협상 업무 
• 파트너사 발굴 및 협상 및 협력안 도출 등 파트너십 체결","• 다양한 사업전략, 비즈니스 모델에 대한 이해와 새로운 사업영역에 대한 접근을 두려워하지 않는 분 
• 높은 친화력과 효과적 커뮤니케이션 스킬 
• 예견되는 기회/리스크를 미리 예측하여 대응하는 주도성과 적극성 
• 논리적인 글쓰기, 제안 문서 작성 및 PPT 작성 스킬이 좋으신 분 
• 실패를 두려워하지 않고, 목표 달성을 위해 도전 하시는 분

[필수사항]
• 인천 송도에서 근무 가능하신 분 (시차 출퇴근제, 근무 시간 협의 가능, Relocation 비용 지급 보조가능)","• 사업 개발/전략/제휴/영업 등 사업 관련 업무 프로세스에 대한 높은 이해와 프로젝트 관리 능력 
• 경영기획, 사업 기획 및 공공프로젝트 PM 경험자 우대 
• 마케팅(커뮤니케이션)경력자 또는 발표/토론 능력이 좋은 분 
• 컴퓨터공학/전산학/시스템공학 전공 우대"
5f294bed88c9683752dc8450,솔티드,기업영업,해외 영업 / 마케팅 매니저 (5년 ~ 7년),https://www.wanted.co.kr/wd/42015,"• 해외영업 (온오프라인 전체) 및 영업관리 
• 신규 영업 채널 기획 및 발굴 
• 영업전략 개발 및 영업 목표 관리  
• 국가별 마케팅 & 프로모션 기획 및 운영  
• 고객사 니즈에 맞는 최적의 서비스를 제공하기위한 영업 및 마케팅 활동 수행","• 영업 경력 5~7년 
  (압도적인 성과 창출 경험이 있다면, 영업 경험 경력 연수에 상관없이 지원 가능)  
• 비즈니스 영어 가능자 (비즈니스 미팅 및 이메일)
• 해외시장 e-Commerce에 대한 이해도
• 기획 문서작성 능력 우수자 (파워포인트 및 엑셀)","• 영업 기반 제로에서 하나의 사업부로 사업 규모를 확대한 경험을 보유한자 최우대
• 미주/유럽 해외영업 경력자 우대  
• 스타트업을 정확히 이해하고 있는 자"
5f294bed88c9683752dc8451,꿈많은청년들,기업영업,"자사 B2B 솔루션, 인바운드 영업자",https://www.wanted.co.kr/wd/36517,"• 꿈많은청년들의 인공지능, 챗봇 (Cloud Turing) 사업 관련 솔루션 영업(InBound)
• 고객사 관리, 잠재 고객사 메일링, 인바운드 후 컨택
• 고객사 계약 관리 (자사 솔루션 사용)","• 신입 환영
• 커뮤니케이션에 자신있으신분
• IT 기술, 인공지능 기술, 챗봇이 관심사이신분","• 컴퓨터/시스템공학
• 공학계열
• 컴퓨터활용능력 우수
• 해당직무 근무경험 ( 인턴 포함 )
• 문서작성 우수자"
5f294bed88c9683752dc8452,메쉬코리아(부릉),기업영업,Account Manager,https://www.wanted.co.kr/wd/41851,"- 메쉬코리아의 신규사업을 위한 영업 기획 및 목표 설정
- 메쉬코리아 물류 자산을 매개로한 사업 기획
- 다양한 도메인의 고객사의 요구 사항을 분석
- 다양한 고객사와의 커뮤니케이션 및 채널 관리
- Initiative를 기획/실행","- 파트너 및 채널 관리 업무 수행경험 3년 이상
- 스타트업 등에서 신규 사업 개발 업무 수행경험 3년 이상
- 커뮤니케이션에 능통하고 능동적 업무 수행이 가능한 자
- B2B 기술 영업 경력이 있으신 분
- 유관부서와 원활한 소통능력과 업무 추진력이 있는 분
- 데이터에 기반한 전략적인 사고에 능하신 분 
- 사업전략 수립 및 구체화 경험이 있는 분
- 대인/문서 커뮤니케이션에 능하신 분","- IT와 기술 관련 경험과 이해도가 높은 분
- 개발 플랫폼 기술 영업 경력자
- 대기업 혹은 컨설팅 펌에서 digital transformation 컨설팅 경력이 있는 분
- 온라인 광고대행사 혹은 이커머스 채널 관리 경험이 있는 분"
5f294bed88c9683752dc8453,씨젠(Seegene),기업영업,해외영업 (신입 포함),https://www.wanted.co.kr/wd/41759,"• 유럽,남미,아시아 등 각 지역, 국가 영업담당
• 거래처 및 대리점 관리
• 학회 및 세미나 수행, 지원","• 생명과학, 분자생물학 등 관련분야 학사 이상
• 신입 및 경력
• 영어 구사 능력 우수 (Native)","• 생명과학, 분자생물학 등 관련분야 석사 이상
• 분자진단 등 바이오 산업 경력
• 영어 외 외국어 구사 능력
 
 ※ 지원 시 희망 또는 강점을 가진 국가를 기재해주시면 서류전형에 도움이 됩니다."
5f294bed88c9683752dc8454,씨젠(Seegene),기업영업,해외학술 마케팅 (신입 포함),https://www.wanted.co.kr/wd/41760,"• 해외 기술 설명회 (학회, 세미나, 교육 등) 담당
• 해외 주요 KOL 네트워크 관리
• 해외 학술, 마케팅용 임상평가 지원
• 최신 동향 파악 (진단업계, 경쟁사 등)
• 진단의료기기 영업 (향후)","• 생명과학, 분자생물학 등 관련분야 해외 박사
• 진단 분야 영업 또는 기술 지원 경력 1년 이상
• 기술 소개 자료 및 논문 작성, Presentation 능력 우수
• 영어 구사 능력 우수 (Native 수준)","• 해외 진단/바이오 업체 경력
• 기타 외국어 구사 (스페인어, 프랑스어, 독일어 등)
• 팀장 경력"
5f294bed88c9683752dc8455,씨젠(Seegene),기업영업,국내영업,https://www.wanted.co.kr/wd/41761,"• 수도권 또는 영남권 지역 영업활동 담당자
• KOL 및 대리점 관리
• 거래처 및 대리점 관리","• 생명과학, 분자생물학 등 관련분야 학사 이상
• 2년 이상 영업 경력
• 분자진단에 대한 이해, 긍정적이며 영업에 관한 마인드 보유","• 생명과학, 분자생물학 등 관련분야 석사 이상"
5f294bed88c9683752dc8456,화해(버드뷰),기업영업,광고 영업,https://www.wanted.co.kr/wd/33561,"1. 광고 상품 판매 
  • 광고 상품에 대한 문의 응대 및 커뮤니케이션
  • 광고주 미팅과 아웃바운드 제안을 통한 상품 가치 전달 및 계약 체결
2. 고객 관리
  • 기존 고객과 주요 광고주 관계 구축을 통한 이탈 방지 및 파트너십 증진
  • 신규 고객 발굴
  • 핵심 고객 분석 및 관리 방안 마련
3. 매출 점검 및 고객 요구사항 분석
  • 영업 실적 및 매출 분석
  • 고객사 VOC 수집 및 분석
4. 광고 영업 전략 수립 및 프로세스 고도화
  • 고객별 / 시기별 영업 전략 및 프로모션 기획
  • 매출 증대 방안 수립
  • 광고 영업 프로세스 고도화 및 데이터 관리","• 광고 영업 및 유관 업무 경력 2년 이상

[필요 역량]
• 전략적 사고를 통한 문제 해결 및 목표 달성 역량이 뛰어나신 분
• 비즈니스 및 숫자 감각이 뛰어나고 적극적인 실험과 액션을 통해 목표를 달성하는 분
• 실패해도 쉽게 좌절하지 않으며, 높은 도전정신을 갖고 계신 분
• 커뮤니케이션 역량이 뛰어나고, 중재 및 설득에 능숙하신 분
• 데이터 분석과 프로세스 고도화에 관심이 많은 분","• 세일즈포스 등 영업 CRM(고객 관계 관리) 솔루션 구축 또는 사용 유경험자
• CRM(고객 관계 관리) 전략 수립 및 실행을 통한 영업 활동 유경험자
• B2B 마케팅 전략 수립 및 실행 유경험자
• 광고 관련 산업(매체사 또는 광고대행사, 미디어렙사) 근무 경력이 있는 분
• 스타트업 근무 경력이 있는 분
• 화장품 산업 전반에 대한 이해도가 높은 분"
5f294bed88c9683752dc8457,버즈빌(buzzvil),기업영업,Business Development Manager,https://www.wanted.co.kr/wd/39204,"모바일 광고 BuzzAD 파트너(매체) 제휴 업무를 담당하며 아래와 같은 업무를 합니다.
• BuzzAD 제휴 매체 타겟 설정
• 매체 제휴 계약, 연동, 및 라이브
• BuzzAD 광고효과 측정 및 효율적인 관리 운영
• 매체 정산 관리","• 모바일 광고 매체 제휴 업무 관심
• 모바일 광고에 대한 지식과 열정
• 모바일 비즈니스 경험
• 스타트업 문화에 대한 관심 및 빠르게 업무를 진행할 수 있는 역량",• 스타트업에서의 업무 경력
5f294bed88c9683752dc8458,위펀(스낵24),기업영업,B2B 영업 전문가,https://www.wanted.co.kr/wd/41861,"• B2B 계약 및 고객사 관리 
• 영업전략 수립 및 KPI 설정 
• 고객사 관리 프로세스 세팅","• 관련 분야 경력 최소 5년 이상
• 영업 전략 수립 
• 데이터 분석 및 활용능력
• 유연한 커뮤니케이션 문제해결 역량
• 관리적 역량보다 실무적 역량이 뛰어난 분
• 경력 및 경험 성과에 대한 포트폴리오 제출 가능한자(필수 제출)","• 스타트업에 관심이 있는 분
• 커뮤니케이션 스킬에 강점이 있는 분
• 새로움에 대한 두려움이나 거부감이 없는 분"
5f294bed88c9683752dc8459,크로키닷컴(ZIGZAG/지그재그),기업영업,Partner Success Lead (B2B),https://www.wanted.co.kr/wd/39898,"• Team Lead는 지그재그 플랫폼에 가장 뛰어난 지식과 경험을 갖춘 전문가가 되어야 합니다. 
이를 기반으로 지그재그에 입점된 Top 셀러의 성장과 문제 해결을 총괄합니다.
• 크로스팀과 긴밀한 협업을 통해 고객의 잠재적인 리스크를 파악하고 선제적 대응을 위한 전략을 구상하고 실행합니다.
• 셀러가 지속적인 성장을 할 수 있도록 지그재그 광고 플랫폼, 커머스 플랫폼을 Maximize 할 수 있도록 컨설팅 함으로써 셀러의 Top Of Mind를 선점합니다.
• 팀원들이 셀러를 대상으로 올바른 데이터 분석, 컨설팅을 할 수 있도록 BP(Best Practice)를 발굴하고, 정기적인 Case Study/Testimonial 를 업데이트 합니다.
• 전사 목표 / 사업 전략과 연계된 Up-sell 영업 전략을 수립하고 실행 합니다.","• B2B 솔루션(SaaS, Ads, e-Commerce Platform) 영업/고객지원 경력이 8년 이상이신 분
• 최근 2년간 Team Leader(Director)로서 팀을 리딩해본 분
• 오픈마켓, 종합몰, 소셜커머스 등 이커머스 유관 업계 경력이 있으신 분
• 신규 고객 발굴, 기존 고객 관리, 업셀의 B2B 영업 사이클 경력이 있으신 분
• 고객사 대표, 고위직과 네트워킹을 통해 고객을 관리하고 의사결정을 이끌어낸 경험이 있으신 분","• 국내/글로벌 엔터프라이즈 SaaS 솔루션 업계 근무경험자
• 데이터 분석 역량(Advanced Excel Skills, SQL, Python, R, Tableau etc)
• 메이저 컨설팅펌 근무 경험자
• 이커머스 스타트업 창업가
• AdTech(Google, Facebook Ad Platform, Programmatic Ads) & MarTech(Google Analytics, Braze, Amplitude etc) 유경험자
• Salesforce, Hubspot 과 같은 영업관리툴 유경험자"
5f294bed88c9683752dc845a,크로키닷컴(ZIGZAG/지그재그),기업영업,Partner Success Manager (B2B),https://www.wanted.co.kr/wd/35989,"• 크로스팀과 긴밀하게 협업을 하며 Key Seller에 대한 전담 관리를 합니다.
• 셀러가 지속적인 성장을 할 수 있도록 지그재그 광고 플랫폼, 커머스 플랫폼을 Maximize 할 수 있도록 컨설팅을 합니다.
• 커머스 플랫폼운영팀, 광고 플랫폼운영팀과 협업을 통해 고객의 잠재적인 리스크를 파악하고, 고객이 경험하고 있는 페인포인트를 발굴하여 문제를 해결하는 역할을 합니다.
• 고객의 성장에 도움이 될 수 있는 다양한 상품, 실험을 기획하고 제안합니다. 
그리고 데이터 분석을 통해 고객에게 인사이트를 제공하고, 지속적인 성장 마인드셋 & 파트너십을 고객에게 전달하는 역할을 합니다.
• 전사 목표 / 사업 전략과 연계된 Up-sell 영업 전략을 수립하고 실행 합니다.","• 오픈마켓, 종합몰, 소셜커머스 등 이커머스 유관 업계 경력이 있으신 분
• B2B 솔루션(SaaS, Ads, e-Commerce Platform) 영업 경력이 3년 이상이신 분
• 신규 고객 발굴, 기존 고객 관리, 업셀의 B2B 영업 사이클 경력이 있으신 분","• 국내/글로벌 엔터프라이즈 SaaS 솔루션 업계 근무경험자
• 데이터 분석 역량(Advanced Excel Skills, SQL, Python, R, Tableau etc)
• 메이저 컨설팅펌 근무 경험자
• 이커머스 스타트업 창업가
• AdTech(Google, Facebook Ad Platform, Programmatic Ads) & MarTech(Google Analytics, Braze, Amplitude etc) 유경험자
• Salesforce, Hubspot 과 같은 영업관리툴 유경험자"
5f294bed88c9683752dc845b,트립비토즈(tripbtoz),기업영업,호텔 직계약 매니저,https://www.wanted.co.kr/wd/32894,"1) 국내 호텔 직계약 영업
2) 호텔 파트너사 관리
3) 프로모션 기획 및 실행
4) 호텔 익스트라넷 고도화
5) 호텔과의 협업을 통한 매출 극대화 달성 전략 수립","1) 동종업계 유관업무 경력 3년차 이상
2) OTA 업계에 대한 이해
3) 호텔 파트너사 및 유관부서와의 원활한 소통 능력
4) 협상 능력","1) OTA 호텔 직계약 담당자 근무 경력
2) 여행사 B2B 소싱 업무 경력"
5f294bed88c9683752dc845c,성지통상,기업영업,기술영업,https://www.wanted.co.kr/wd/41748,• 전자부품 및 정전기 제어장치의 기술영업,"• 경력 3년 이상
• 대학(2,3년) 졸업 이상
• 영어가능자
• 1983년~1991년 출생자","• 이공계 전공자 우대
• 중국어 또는 일본어 가능자 우대"
5f294bed88c9683752dc845d,매스프레소(Mathpresso),기업영업,Business Development Manager(국내),https://www.wanted.co.kr/wd/34206,"1. 신사업 기획
• 콴다 Q&A, 검색 및 플랫폼 서비스 활용한 신규 비즈니스 전략 기획

2. 콴다 내 서비스별 B2B 사업확장 
• Q&A 서비스 가맹점 확장 및 관리(독서실, 학원 등)
• QaaS(콴다의 질문서비스를 교육회사들의 웹에 연동하는 SaaS) 서비스 계약 수주, 클라이언트 관리
• 플랫폼 서비스 B2G, B2B 멤버십 판매전략 기획

3. 국내 교육콘텐츠 개발사 사업제휴
• B2B 콘텐츠 공급 수익구조 기획, 공급계약 수주(출판, On/Off 콘텐츠 사업자)
• B2B 콘텐츠 공동상품 기획, 제안 및 실행","• 업무 경력 : 3년 이상의 사업 개발/제휴 마케팅/영업 등 사업 관련 업무 경력이 있으신 분
• 실행력 : 숫자로 된 KPI대로 빠르게 결과물을 만들어 낼 수 있는 분
• 집요함 : 실패와 거절을 두려워하지 않고 호흡이 긴 B2B 딜을 집요하게 끌고나갈 수 있으신 분
• 협상력 : 탁월한 커뮤니케이션 스킬로 뛰어난 협상 능력을 갖고 있고, 때로는 2보 전진을 위해 1보 후퇴를 하실 수 있으신 분","• 정부 및 대기업 입찰 공고 선정 경험이 있으신 분
• SaaS 영업 경험이 있으신 분
• 영어 커뮤니케이션이 출중하신 분

서류 접수 시, 아래의 두 가지 문항을 반드시 포함 시켜 주세요!
1. 이력서(직무 기술서)
2. 매스프레소 지원동기(자기소개서에 포함)

1,2번이 누락시 서류 검토에 제한이 될 수 있습니다.

[근무형태]
• 정규직 (3개월 수습 기간 포함)

[전형절차]
• 서류전형 - 면접전형(1차, 2차 / 필요시 3차) - 최종합격 및 처우협의 - 입사"
5f294bed88c9683752dc845e,HS하이테크,기업영업,건축/인테리어 아이템 영업,https://www.wanted.co.kr/wd/41676,"[3D프린팅 건축/인테리어 아이템 영업]
• 3D프린팅 건축 아이템 블로비(BLOBEE) 마케팅 기획 및 필드 영업
• 국내외 주요 고객사 발굴 및 사업화 기회 창출
• 3D프린팅 기술 기반 거축 아이템 시장조사
  (건축물, 파빌리온, 파사드, 농막, 방갈로, 캐빈 등)
• 자사 건축3D프린팅 기술 및 사례 홍보
• 신제품 디자인 확보를 위한 국내외 건축가/디자이너 컨택","• 건축/인테리어(외장재) 아이템 분야에서 3년 이상의 필드 영업 경력을 보유한 분
• 새로운 산업분야, 기술, 업무에 도전적이고 활동적인 성향을 보유한 분",• 영어로 업무적 커뮤니케이션이 가능한 분
5f294bed88c9683752dc845f,비트나인,기업영업,솔루션 영업 담당,https://www.wanted.co.kr/wd/21676,"1. Graph Database (AgensGraph) 및 Graph Database 기반 솔루션 영업 
   (금융/SMB 대상)
2. 기존 고객 매출 증대 및 신규 고객 발굴
3. Sales Target 달성을 위한 Territory Sales Plan 수립 및 실행
4. 컨설팅, 마케팅, Channel 등 내부 유관부서와의 협업","• 학력무관(~40세이하)
• SI 및 Solution 관련 영업 및 사업 개발 업무 경력 3년 ~ 10년이하
• 고객 대응 및 요건 분석, 제안서 작성, PT 가능자","• 금융 산업(은행/보험/증권/카드 등) 영업 경험자 우대
• AI, Database, Big data, 데이터 분석 분야 영업 및 사업 개발 경험자 우대
• 영어 구사 가능자 우대"
5f294bed88c9683752dc8460,에피케이터,기업영업,[플레이팅] B2B 영업 담당,https://www.wanted.co.kr/wd/41551,"1) 영업
• 구내식당을 만들기 어려운 중소기업 대상 영업
• 서비스 도입 상담 및 계약 진행

2) 영업 기획 및 관리
• 잠재고객 발굴 및 DB 구축
• 첫 계약 성사를 위한 퍼널 관리 및 개선안 도출
• 전문 아웃바운드 영업팀 구축 및 운영기획
• 마케팅 팀과 배포자료 및 콘텐츠 기획
• 영업 지표 모니터링","• 경력 4년 이상
• B2B 세일즈에 대한 높은 이해도","• 외식업 근무 경험 (점포 개발, 대기업 FS 등)
• 스타트업 근무 경험"
5f294bed88c9683752dc8461,바이트브릿지,기업영업,B2B 세일즈,https://www.wanted.co.kr/wd/41337,"• 머신러닝에 필요한 데이터 수집 및 가공이 필요한 고객과 전략적 파트너를 발굴합니다.
• 고객사 혹은 관련 대행사를 대상으로 '바이트브릿지'의 서비스를 소개하고 제안합니다.
• 고객사의 니즈를 파악하여, 제품팀과 협력하여 신규 기능을 기획하고 제안합니다.
• 고객사 특성에 맞는 패키지 상품을 기획하고 제안합니다.
• 세일즈 전략을 수립하고 KPI 리포트를 작성, 공유합니다.","• IT관련 B2B 세일즈 경험이 있으신 분 (최소 3년 경력)
• SaaS 기반의 플랫폼에 대한 이해 및 기술 관련 지식 보유하신 분
• 글과 말로 설득력있게 커뮤니케이션 할 수 있는 능력이 뛰어난 분
• 빠른 페이스의 스타트업 환경을 좋아하는 분
• 스스로 목표를 설정하고 업무 진행을 이끌어 나갈 수 있는 분
• 시스템을 만들고 디테일을 꼼꼼하게 챙길 수 있는 분","• 머신러닝 및 AI 관련 사업 및 운영 경험이 있으신 분
• 기술적 이해도가 높고 데이터 분석에 관심 있으신 분"
5f294bed88c9683752dc8462,버즈니(Buzzni),기업영업,[제휴팀] 제휴매니저,https://www.wanted.co.kr/wd/36839,"• 홈쇼핑 상품 거래액 증대를 위한 제휴모델 운영관리 및 디벨롭
• 현재 입점되어 있는 파트너사 대상으로 신규 프로모션 개발 및 기존 파트너사 프로모션 디벨롭
• 제휴모델의 거래액 및 버즈니 매출 운영관리, 매출 정산
• 홈쇼핑모아 직접결제 기능과 관계된 외부 파트너십 발굴, 체결 및 관리 (쇼핑사, PG사 등) 
• 시장 조사분석 및 인사이트 발굴 비즈니스 정책 및 전략 수립","• 모바일/인터넷 서비스(SNS/커뮤니케이션/커머스/콘텐츠/O2O 등)에서 사업기획, 제휴, 영업, 영업지원 관련 경력이 만 3년 이상인 분
• 대내외 커뮤니케이션과 사고가 유연하고 원만한 분
• 우수한 문제해결 능력을 가진 분
• 강한 책임감으로 맡은 업무를 끝까지 마무리 하는 분

※ 참고사항 : 해당 직군은 성과를 중심으로 한 상세 경력기술서 제출이 필수입니다.","• 이커머스 업계에 대한 이해 또는 경험이 있는 분
• 버즈니의 조직문화에 대한 이해와 공감을 갖는 분
• 데이터 기반(판매데이터, 마켓트렌드 등)의 문제를 해결해본 경험이 있는 분
• 홈쇼핑을 자주 이용하거나 관심이 많은 분"
5f294bed88c9683752dc8463,버즈니(Buzzni),기업영업,[제휴팀] 제휴매니저(신입가능),https://www.wanted.co.kr/wd/41518,"• 홈쇼핑 상품 거래액 증대를 위한 제휴모델 운영관리 및 디벨롭
    – 현재 입점 되어 있는 파트너사 대상으로 신규 프로모션 개발 및 기존 파트너사 프로모션 디벨롭
    – 제휴 모델의 거래액 및 버즈니 매출 운영관리
    – 매출 정산
• 시장 조사분석 및 인사이트 발굴
• 비즈니스 정책 및 전략 수립","• 이커머스 사업기획, 제휴, 영업, 영업지원 직무에 관심이 많으신 분
• 대내외 커뮤니케이션 및 사고가 유연하고 원만한 분
• 우수한 문제해결 능력을 가지신 분
• 강한 책임감으로 맡은 업무를 끝까지 마무리 하시는 분
• 논리적 사고/판단이 우수하신 분
• 넓은 시야와 디테일을 모두 갖추신 분

※ 참고사항 : 직무 관련 경험을 기반으로 한 포트폴리오가 있을 경우 제출 요망","• 이커머스 또는 모바일 서비스업 경험이 있으신 분
• 홈쇼핑을 많이 이용하시는 분
• 버즈니의 조직문화에 대한 이해와 공감이 있으신 분
• MS오피스 프로그램을 잘 다루시는 분"
5f294bed88c9683752dc8464,엔에이치엔(NHN),기업영업,[NHN PAYCO] 온/오프라인 영업지원,https://www.wanted.co.kr/wd/41477,"• 온라인 고객지원 및 운영업무
• 기업솔루션 개통업무 및 지원업무",• 3년 이상 온/오프라인 커머스 운영 및 지원 경력,"• 동종업계 운영 및 지원 업무 경력
• 대형 유통사 운영 및 지원 업무 경력"
5f294bed88c9683752dc8465,언니의파우치(LYCL),기업영업,[라이클] 언파 플랫폼 비즈니스 Lead(팀장),https://www.wanted.co.kr/wd/41465,"플랫폼 비즈니스 리더
•  언니의파우치 광고매체(앱, 인플루언서 마케팅, 콘텐츠 사업) 비즈니스 리더
• 브랜드사, 랩사, 대행사 광고매체상품 영업
• 외부매체 파트너쉽
• 매체 광고상품, 매출구조 기획 및 고도화","• 유관 경력 7년 이상 보유
• 매체 비즈니스 및 플랫폼 제휴 비즈니스 유경험자
• 원만한 커뮤니케이션 스킬 보유자","• 뷰티 산업 전반에 대한 이해도가 높은 분
• 랩사 및 디지털매체사 영업 경력 
• 매체 모바일 광고 상품, 솔루션에 대한 기획 유경험자
• 인플루언서 마케팅 유경험자
• 세일즈 DNA 보유"
5f294bed88c9683752dc8466,글로벌링커스,기업영업,PMS사업부문 IT솔루션 기술영업,https://www.wanted.co.kr/wd/41401,"• IT솔루션(Easy Redmine) 기술영업(고객관리, PT 등)
• 본사(유럽-영어)와의 커뮤니케이션
• 영업기록관리(Sales CRM)
• 영업소개자료 작성 및 관리","• 학력 : 전문학사 이상
• 경력 : 2~6년","• 전산관련학과 전공자 
• IT솔루션 관련 영업 유경험자
• PMS솔루션 사용 유경험자
• 외국어(영어) 능통자
• PMS 자격 소지자"
5f294bed88c9683752dc8467,두손컴퍼니,기업영업,[품고] 물류센터 영업관리 매니저,https://www.wanted.co.kr/wd/26433,"• 신규 고객사 컨설팅
• 신규 계약 체결: 인바운드 상담 및 신규 영업자료 개발
• 신규 영업선 발굴: 새로운 협력사 및 신규 영업기회 발굴
• 기존 계약 유지
• 신규 서비스  기획","• 필요역량: 
1. 업무 우선순위 설정 능력
2. 문제해결 능력 및 문제해결 과정을 즐길 수 있는 역량
3. 고객 중심적 사고","• 커머스 관련 경험
• 물류 기업 근무 혹은 물류 관련 경험
• 스타트업 및 사회적 기업 근무 경험"
5f294bed88c9683752dc8468,비바리퍼블리카(Toss),기업영업,[토스페이먼츠] Business Development Manager,https://www.wanted.co.kr/wd/41296,"• 토스 페이먼츠 주요 가맹점 담당으로 가맹점 매출 증대 및 수익 창출을 위한 컨설팅
• 토스 페이먼츠 거래액 확대를 위한 신규 가맹점 영업 전략 수립 및 실행
• 토스 페이먼츠 주요 서비스 및 사업 전략 수립부터 출시 운영까지 전반의 역할 수행
• 영업 및 신사업 기회 극대화를 위한 분석 지표 디자인, 관리, 모니터링","• 영업 및 사업개발/제휴 경험 3년 이상 보유한 분 (영업 경험 필수)
• 적극적/공격적인 업무 진행 성향을 가지고 계신 분
• 논리적인 사고로 뛰어난 문제해결 능력을 가지신 분
• 탁월한 커뮤니케이션 스킬 및 협상 능력을 보유하고 계신 분
• 실패를 두려워하지 않고, 집요하게 목표달성을 위해 도전하시는 분","• PG, 핀테크, B2B 세일즈 경험이 있으신 분
• 금융기관 제휴, VAN 서비스 기획 및 제휴 경험이 있으신 분
• PG사 또는 카드사 및 VAN 사 대외협력 경험이 있으신 분"
5f294bed88c9683752dc8469,비바리퍼블리카(Toss),기업영업,[토스페이먼츠] Customer Success Manager,https://www.wanted.co.kr/wd/41295,"• Sales Team BDM 들과 협업하여 주요 가맹점들을 보다 효율적으로 관리할 수 있는 체계 수립
• 담당 주요 가맹점 거래액 및 수익 증대를 위한 각종 활동 기획 및 실행 (프로모션 기획/새로운 마케팅 방법론 제시 등)
• 프로모션/마케팅 등 가맹점 수익 증대를 위한 효율 분석 기반의 예산 설정 및 관리
• 우수한 프로모션/마케팅 사례를 기반으로 Sales Deck 을 제작하여 역량 내재화 및 성공사례 전파
• 사내 주요 유관 부서들과의 밀접한 협업을 통해 주요 가맹점들의 불만사항을 제거하고, 만족도 향상","• 영업/영업지원/사업개발/제휴 등의 업무 경험을 3년 이상 보유한 분
• 적극적/공격적 업무 진행 성향을 가지고 계신 분
• 논리적인 사고로 뛰어난 문제해결 능력을 가지고 계신 분
• 내외부 player 들 사이의 이해관계 조정에 뛰어난 역량을 가지고 계신 분
• 실패를 두려워하지 않고, 집요하게 목표 달성을 위해 도전하시는 분","• PG, 핀테크, B2B 등의 영역에서 세일즈 및 영업지원 경험이 있는 분
• 숫자에 대한 감각과 데이터에 대한 기본적인 이해가 있으셔서, 효율 분석 등이 가능한 분
• 다양한 프로젝트 경험 및 성공 사례를 만들어 확산 시켜본 적이 있는 분"
5f294bed88c9683752dc846a,비바리퍼블리카(Toss),기업영업,[토스페이먼츠] SMB Account Manager,https://www.wanted.co.kr/wd/41294,"• 토스 페이먼츠 SMB 가맹점 담당으로 영업 관리 (해당 가맹점 실적 및 관계 관리)
• 담당 SMB 가맹점 거래액 및 수익 증대를 위한 각종 활동 기획 및 실행 (프로모션 등 사업 확대를 위한 지원 활동)
• 담당 SMB 가맹점 해지 징후 파악의 방법론 설계 및 실제 해지 방어 수행","• 1년 이상의 영업, 고객상담, 고객응대 경험이 있으신 분 (대면/비대면 모두 가능)
• 탁월한 커뮤니케이션 스킬 및 협상 능력을 보유하고 계신 분
• 숫자에 대한 감각과 데이터에 대한 기본적인 이해를 바탕으로 정책/체계를 수립해본 적이 있으신 분
• 뛰어난 문제 해결 능력 및 높은 에너지 레벨을 보유하고 계신 분","• PG, 핀테크 등 유사한 업종에서 B2B 세일즈 및 고객응대 경험이 있으신 분
• 빠른 속도로 여러가지 문제들을 동시에 다룰 수 있으신 분
• 긍정적인 에너지와 자신감이 넘치시는 분"
5f294bed88c9683752dc846b,트라이어스앤컴퍼니,기업영업,영업 담당자,https://www.wanted.co.kr/wd/34517,"• 영업 상품 판매
- 아웃바운드 제안을 통한 상품 가치 전달 및 광고주 미팅, 계약 체결
- 광고 매체서 작성 및 온라인 마케팅
- 광고 상품에 대한 문의 응대 및 커뮤니케이션

• 고객 관리
- 기존 고객과 주요 광고주 관계 구축을 통한 이탈 방지 및 파트너십 증진
- 신규 고객 발굴 및 유치
- 핵심 고객 분석 및 관리방안 마련

• 매출 점검 및 고객 요구사항 분석
- 영업 실적 및 매출 분석

• 영업 전략 수립 및 프로세스 고도화
- 고객별/시기별 영업 전략 및 프로모션 기획
- 매출 증대 방안 수립
- 영업 프로세스 고도화 및 데이터 관리","• IT/광고/식품 영업 업무 경력 5년 이상
• 비즈니스 및 숫자 감각에 뛰어나고 전략적 사고를 통한 문제 해결 역량이 뛰어나신 분
• 영업 피드백을 통한 서비스 개선 제안 및 관련 부서와의 원활한 협업/커뮤니케이션 능력을 갖춘 분","• 데이터 분석 및 프로세스 고도화 경험이 있는 분
• B2B 마케팅 전략 수립 및 실행 유경험자
• 영업 직무 경력이 있는 분
• 광고 인적 네트워크 보유자
• 스타트업 근무 경력이 있는 분
• 동종업계 경력자"
5f294bed88c9683752dc846c,쓰리아이(3i corporation),기업영업,US Sales Manager,https://www.wanted.co.kr/wd/41087,"[What you will do]

• US market Sales for 3i INSITE
• Secure large opportunities with new accounts to meet sales orders target
• Build and develop a robust pipeline of opportunities to support and deliver sustained future growth
• Uncover and effectively articulate customer pains and desired outcomes in order for the most appropriate solutions to be designed
• Maintain accurate real-time information on opportunities to enable effective forecasting and planning.
• Understand the customer business goals, anticipate future needs, leverage new technologies and help determine ideal solutions
• Responsible for the performance and development of account, including post sales
• Create and conduct presentations to potential customers
• Prepare and submit accurate, competitive and completed proposals, while striving to maintain maximum profit margin","[What we expect from you]

• 3+ years B2B Sales experience 
• 2+ years relevant enterprise technology sales experience  
• Good understanding of the US market and International sales 
• Native English language skills (verbal and written)
• Knowledge of accounting and business processes in order to relate to the business needs of CEO’s, CTO’s;
• Ability to perform self-directed research of prospective companies and people
• Effective presentation skills and confidence presenting proposals and solutions to top executives","[It is a plus if you have]

• Prior experience in selling ERP (SAP, Oracle and Salesforce) or similar solutions would be advantageous
• Experience of working within a Digital/ Tech business in a sales position
• Possess strong sales background with a successful track record of handling high value sales cycles
• Previously experience of building and leading sales teams"
5f294bed88c9683752dc846d,인공지능연구원,기업영업,영업사원,https://www.wanted.co.kr/wd/40968,"인공지능연구원은 보험 사업을 혁신할 수 있는 AI서비스를 만들었습니다.
그 서비스를 보험업에 종사하는 사람들에게 설명하고 전파하는 업무를 하실 분을 찾습니다.","• 각종 IT 서비스 앱을 잘 사용하시고, 새로운 앱 서비스를 설명해주실 수 있는 분과 함께 하고 싶습니다.
• 보험과 금융에 대한 이해가 어느정도 있으시면 좋겠습니다.","• 제약,자동차,보험 영업 경력자 우대
• O2O 영업 경력자 우대"
5f294bed88c9683752dc846e,스팬딧(Spendit),기업영업,Enterprise Sales,https://www.wanted.co.kr/wd/27474,"1. 영업전략 Planning (타겟 설계, 세일즈 채널 확보 등) 
2. 고객사 유치 및 관리 (메일링, 계약 갱신)
3. 영업 피드백을 통한 서비스 개선 제안 및 관련 부서와 협업","- 학력 : 대졸이상
- 경력 : 신입/경력","- Data기반 영업 컨설팅 및 성과 관리 경험이 있으신 분
- ERP/회계 프로그램 사용 경험자
- 전략 기획 및 영업 실무 경력자 (컨설팅, 전략기획 경험자)
- 문제점에 대한 개선 포인트를 도출하여 프로세스를 재정립하거나 구조화한 경험이 있으신 분
- 동종 업계 근무 경력"
5f294bed88c9683752dc846f,룰루랩(lululab),기업영업,영업 담당자,https://www.wanted.co.kr/wd/40959,"• 국내영업, 영업계획 수립 및 실적관리 (B2B)
• 고객사 발굴 및 기존 고객사 관리
• 영업전반업무, 성과관리","• 경력 : 5년 이상~
            *뷰티디바이스/화장품 영업 관련 경력 보유자
• 학력 : 대학교(4년) 졸업 이상","- 뷰티산업을 이해하며 전략을 세울 수 있는 분
- 뷰티산업 세일즈 경력 보유자
- 글로벌 비즈니스를 위한 영어
- 원활한 커뮤니케이션 능력자
- 함께 회사를 키워가고 주도적으로 업무를 진행하실 분
- 적극적이고 꼼꼼한 성격의 소유자"
5f294bed88c9683752dc8470,그렙(grepp),기업영업,B2B 영업담당자,https://www.wanted.co.kr/wd/8661,"• 프로그래머스(개발자 채용, 평가, 교육) 및 모니토(온라인 화상감독) 서비스 상품을 기업/학교 고객에게 소개하고 고객사를 확보
• 담당자의 만남부터 제안 과정의 제반 업무 수행, 프로젝트의 운영과 고객사 관리 등 영업활동의 전반적인 부분을 담당하게 됩니다. 
• 상품을 개발하고, 수익모델을 설계합니다.","아래의 자격 요건 중 1가지 이상 해당된다면 지원 가능합니다. 

• HR서비스 및 IT관련 영업관련 최소 2년 이상 경력자.
- 다만 직무 소개 내용이 본인 역량과 부합하다고 판단한다면 신입도 지원 가능합니다.
• 신규고객 발굴 고객관리에 대해 적극적으로 진행할 수 있으며, 매출달성에 대해 즐거움을 느끼는 분
• 프로젝트에 대한 강한 책임감과 정확하고 원만한 커뮤니케이션 스킬을 보유하신 분
• 제안서 작업과 제안발표 등 제안과정의 제반사항에 대해 높은 경험치를 보유한 분
• 신규 서비스 상품 개발 및 설계에 대한 이해도가 있는 분","• 채용 매체사, 서치펌 관련 경력자
• 기업 인사팀과 대학교 영업 경험이 있거나 HR서비스 근무 경험이 있으신 분
• 컴퓨터공학 학사 전공자
- 우대사항일뿐 조건에 충족하지 않아도 지원할 수 있습니다."
5f294bed88c9683752dc8471,키위스마트락,기업영업,영업 담당자 (국내 및 해외),https://www.wanted.co.kr/wd/40913,"• 영업 전략 수립
• 장단기 영업 계획 관리
• 신규 유통 채널 개발 (국내 및 해외)
• 기술 영업
• 제품/가격/채널/ 프로모션 전략 수립","• 2년이상 7년이하 경력자 
• 영어 가능자
• 무역 실무 , 회계 기초 지식 및 OA 숙달자 우대
• 대졸 이상 / 전공 무관","• 영업 실적 보유자
• 스타트업 근무 경험, 관련 직종 근무 경력자"
5f294bed88c9683752dc8472,산타,기업영업,영업지원 (Specialist I),https://www.wanted.co.kr/wd/40903,"- 대기업/중견/중소기업 및 개인고객 담당 시니어 영업 지원 및 채널 영업 관리 지원
- 고객사 교육 영상 제작시 촬영 및 편집 지원, 스튜디오 스케쥴 관리
- 솔루션 도입 문의 전화 응대, 영업 미팅 일정 관리
- 매출실적 분석 및 관리, 판매처 관리, 재고 관리, 계약서 관리 및 영업 현황 추적 및 DB화","- 관련 업종 경력 1년 이상
- 의사소통 능력 
- MS-Office 활용 능력, 데이터 분석능력
- 대졸이상, 전공무관
- 원만한 대인관계 능력을 보유하신 분, 필요시 장거리 출장이 가능하신 분","- 영상촬영/편집 관련 솔루션/툴 및 플랫폼 관련 자격증 보유자 또는 사용 경험자 (프리미어, 베가스, 캠타시아 등 편집툴)
- 스타트업의 환경을 이해하고, 굳은 일 및 시간에 구애 받지 않고 회사의 성장이 나의 성장이라는 마인드 보유자"
5f294bed88c9683752dc8473,패스트캠퍼스,기업영업,영업/세일즈 매니저,https://www.wanted.co.kr/wd/39962,"• B2B 영업
• 신규 고객사 발굴 및 중장기 영업 전략 수립
• CRM 및 기업고객 데이터 분석을 통한 판매주기 분석 및 예측
• 유관 업무자들과의 유기적이고 긴밀한 협업관계 유지 및 지원
• 잠재 기업 고객을 위한 아웃 바운드 제안서 작성 및 컨택 
• 기업 고객 관점에서의 Saas 프로덕트 개선을 위한 인사이트 제공","• 2~5년 이상의 B2B 영업 경험
• 새로운 관점과 창의적인 접근방식이 필요한 다양한 환경에서 효과적으로 업무할 수 있는 문제해결능력
• 멀티프로젝트를 동시에 운영하고 성공 가능성을 평균 이상으로 달성하는 집중력
• 빠른 트렌드의 온라인 콘텐츠를 이해하고 흡수 할 수 있는 포은 수준의 러닝 커브 
• 높은 수준의 이메일, 문서, 유선 형태의 커뮤니케이션 스킬","• SaaS 제품 세일즈 혹은 교육 영업 경험
• 영업관리 솔루션 활용 경험 (ex. salesforce 혹은 marketo)
• 다양한 데이터를 분석하여 영업, 마케팅 및 고객 성공을 강화하는 인사이트 도출 가능한 분"
5f294bed88c9683752dc8474,코드스테이츠 (CodeStates),기업영업,Business Development (채용파트너십),https://www.wanted.co.kr/wd/9029,"- 잠재 고객 기업을 발굴하여 코드스테이츠 교육과정(웹 개발, 그로스 마케팅, PM, 데이터 등)을 소개하고 채용 파트너십 체결
- 파트너사의 채용 수요를 지속적으로 파악하여 코드스테이츠 부트캠프 졸업생들을 효과적으로 연결 및 졸업생 채용 연결을 위해 각 코스 교육 운영 매니저, 커리어 코치와 지속적 협업
- 코드스테이츠의 채용 프로덕트를 활용해 새로운 사업 기획","- 적극적으로 다수의 기업 관계자분들과의 교류 가능하신 분
- 글과 말로 설득력있게 커뮤니케이션 할 수 있는 능력이 뛰어난 분
- 문제를 스스로 정의하고 해결할 수 있는 분
- 시스템을 만들고 디테일을 꼼꼼하게 챙길 수 있는 분
- 업무과정에 필요한 데이터를 측정하고, 분석할 수 있는 분
- 긍정적인 마인드를 가지고 새로운 일에 도전하기 좋아하는 분","- 스타트업 또는 IT기업에서 1년 이상 사업 개발 및 세일즈 업무 경험이 있는 분
- 기술 기반 사업 분야에 대한 이해도가 있는 분
- 영어로 의사소통할 수 있는 분
- 진취적인 커리어, 혹은 자기계발 경험이 있는 분
- 업무 자동화에 관심 많은 분"
5f294bed88c9683752dc8475,오시리스시스템즈(비캔버스),기업영업,Sales Representative / B2B SaaS,https://www.wanted.co.kr/wd/31819,"• B2B 신규 리드 확보(Lead generation)
• Funnel 최적화 및 각 단계에 따른 세일즈 전략 수립
• 온오프라인 미팅 등 세일즈 프로세스 전반에 대한 모든 영역 총괄
• KPI 관리 및 보고","• 클라우드 기반 소프트웨어 이해도
• B2B 영업관련 이해관계자와 의사결정 프로세스를 이해할 수 있는 세일즈 경력
• SaaS/협업 소프트웨어에 대한 이해도 및 열정
• 주도적인 전략 수립 및 KPI 설정 가능한 정도의 경력","• B2B 소프트웨어 세일즈 경험자 우대
• SaaS 업체 관련 경험자 우대
• 클라우드 기반 솔루션에 대한 높은 이해도
• 영어 소통 가능자 우대"
5f294bed88c9683752dc8476,강남엄마,기업영업,[학원/교육기관] 광고 영업 매니저,https://www.wanted.co.kr/wd/40677,"1. 온/오프라인 학원 & 기업고객을 대상으로 광고영업을 진행합니다
• 온/오프라인 학원회원 광고상품 영업
• 인바운드 및 리드인 고객사 대상 광고상품 안내 및 광고영업
• 아웃바운드 잠재 학원/교육기관 고객 발굴 및 서비스 제안

2. 기존 고객사와의 관계구축 및 관리를 진행 합니다.
• 기존 온/오프라인 고객사 관리를 통해 고객 이탈 방지 및 상품 이용 유도

3. 컴플레인 대응 및 고객사 피드백을 전달/관리 합니다.

4. 유관 업무 담당자들과 유기적이고 긴밀한 협업을 통해 영업 프로세스를 꾸준히 개선 합니다.","• 영업/제휴 혹은 광고영업 관련 업무 1년차 이상
• 원활한 영업 커뮤니케이션 능력을 갖추신 분
• 진취적이고 긍정적인 마인드로 낯선 사람을 수월하게 대할 수 있는 분
• Excel을 통한 기본적인 고객 데이터 정리 및 분석이 가능하신 분
• KPI 목표를 어떻게든 달성하기 위해서 노력하는 열정이 있는 분
• 본인이 판매하는 상품과 맡은 작업에 대한 오너십을 갖고, 이를 완성시키는 일에 열정이 있는 분","• B2C, B2B 영업 경험이 있거나 O2O 서비스 영업 경험이 있으신 분
• 대학, 학원, 온라인 강의 업체 등 교육기관 대상 영업 경험이 있는 분
• 빠르게 성장하는 스타트업 조직에서의 경험이 있는 분
• 엑셀, 구글스프레드시트 문서 작성에 능숙하신 분
• 영업 매뉴얼, 시스템, 프로세스를 구축하고 개선하는 데 능숙하신 분
• 데이터 기반 의사 결정에 익숙하신 분

[ 기업 문화 ]
- 우리는 서로를 배려하며, 효율적이게 일하려고 노력합니다. 나만을 생각하지 않습니다.
- 우리는 성실하고 정직한 업무 태도를 지향합니다. 스스로의 업무를 책임지며, '완전히 솔직하게' 커뮤니케이션 합니다.
- 우리는 스스로 일하고 싶은 회사를 만들기 위해, 우리 모두에게 최대한의 업무 자율성을 보장하려 노력합니다.
- 높은 수준의 집중을 위해 본인이 원하는 시간에 일합니다. 주 5일 출근에 40시간 근무 조건만 지킵니다. 본인이 원하는 시간에 자율 출퇴근합니다.
- 높은 수준의 집중을 위해 개인 노트북, 모니터 등 업무에 필요한 기기 및 환경을 최우선으로 제공합니다.
- 업무 성과는 핵심 지표(KPI)로 측정합니다. 그리고 어떻게 하면 더 잘할 수 있을지 고민합니다.
- 비용 절감을 위해 노력합니다. 써야 할 곳엔 주저없이 쓰되, 쓰지 말아야 할 것에 돈을 낭비하지 않습니다."
5f294bed88c9683752dc8477,에이비일팔공(AB180),기업영업,Account Executive,https://www.wanted.co.kr/wd/31898,"• SaaS 솔루션 기술 영업
• 고객사에게 프리젠테이션, 데모 진행
• 제안서 제작","• 스타트업 또는 IT기업에서 2년 이상 고객관리 영업 업무를 담당하신 분
• 동종업계 경력이 있으시거나 영업 마케팅 전략 수립 경험이 있으신 분
• B2B 디지털 영업 마케팅 경험이 있으신 분
• 탁월한 프리젠테이션 능력을 보유하신 분
• 자료 수집, 분석, 요약 리포팅 경험이 있으신 분
• 다양한 툴 사용을 통한 문서 작성이 가능하신 분 (PowerPoint, Excel 등)
• 해외출장이 가능하신 분 (최대 2주/월)","• 영어를 능숙하게 사용할 수 있는 분 (일본어, 중국어, 기타 외국어 가능하신분 우대)
• 애드테크 업계에 대한 전반적인 이해도가 높으신 분
• 기술에 대한 이해도 및 관심을 갖고 있으신 분
• 담당 업무에 대한 책임감 및 능동적인 태도를 갖고 있으신 분
• 뛰어난 커뮤니케이션 스킬을 보유하신 분
• 창의적이고 긍정적인 사고방식을 갖고 있으신 분
• CAN DO attitude를 갖고 있으신 분"
5f294bed88c9683752dc8478,케어랩스(굿닥),기업영업,신입 영업사원,https://www.wanted.co.kr/wd/40612,"• 굿닥 O2O사업 확장을 위한 영업 및 태블릿 접수 서비스 관리
• 접수 서비스 설치 및 철수
• 접수 서비스 교육 및 모니터링
• 접수 서비스 사용성 제고 및 교육 품질 향상
• 사용 병원(키닥터 및 클라이언트) 관리 및 유관 부서 커뮤니케이션
• 태블릿 접수 시장 트렌드 분석을 통한 영업 및 제안 방안 도출","• 연령/학력/성별 무관
• 뛰어난 커뮤니케이션 능력을 통해 원만한 협업 능력을 지니신 분
• 실패에 굴하지 않고 긍정적인 태도와 도전 정신으로 무장하신 분
• 성실하고 주도적으로 업무를 추진해 나가는 행동력을 지니신 분
• 지표 분석을 통해 현재 실현 가능한 사고를 가지신 분
• 목표 달성 의지가 강하신 분","• 병원 영업 유경험자
• B2B 영업 유경험자
• O2O사업 분야 유경험자
• 플랫폼 현장 유경험자"
5f294bed88c9683752dc8479,케어랩스(굿닥),기업영업,병원마케팅컨설팅 (sales),https://www.wanted.co.kr/wd/40605,"• 굿닥 신규 광고주 발굴
• 광고주 확장 플랜 및 KPI 수립
• KPI 달성을 위한 신규상품 세일즈
• 인사이트를 통한 신규상품 기획과 상품 다각화
• 광고주 / 대행사와의 관리 커뮤니케이션","• 신입 : 경력 무관
• 경력 : 최소 1년 이상 아웃바운드 영업 경력을 갖춘 분","• 의료 시장에 대한 경험과 이해가 있는 분
• 병원, 미용시장에 관심이 많으신 분
• B2B 영업에 대한 경험이 있으신 분
• 단순 영업을 넘어, 상품 기획과 운영 등 전방위적인 역할을 하고 싶은 분
• Facebook, GDN 등 모바일 광고에 대한 이해도가 있으신 분
• 엑셀 활용이 익숙하신 분
• 열정과 끈기가 남다르신 분"
5f294bed88c9683752dc847a,에스티씨랩,기업영업,솔루션 영업 (기업부문),https://www.wanted.co.kr/wd/40594,"• 기업고객 (제조, 유통, SMB 등) 자사솔루션 (앱인사이터, 넷퍼넬) 영업
• 기업고객 성능모니터링 솔루션 영업 및 고객사 HR 보유 및 영업","• 기업군 영업경력 7년 이상 유 경험자
• 솔루션 기술영업 경험 (WAS/APM 등 전반지식 보유)
• 영업 기획력 보유 또는 영업기획 유 경험자
• 경력 7~10년 (과장급)","• 기업고객 성능모니터링 솔루션 영업 및 고객사 HR 보유자
• 영업능력(말하기/쓰기/듣기) 레벨 중 이상
• 책임감있고, 인성이 바르고 근면성실 하며, 진취적인 성격"
5f294bed88c9683752dc847b,에스티씨랩,기업영업,솔루션 영업 (금융부문),https://www.wanted.co.kr/wd/40593,"• 자사 솔루션 영업(넷퍼넬, 앱인사이터) 금융권 담당
• 모바일 SI 영업","• 금융권 영업경력 7~10년 유경험자
• 솔루션 기술영업 경험 (WAS/APM 등 전반지식 보유)
• 영업 기획력 보유 혹은 영업기획 유경험자
• 경력 7~10년 (과장급)","• 금융권 직접 영업 유 경험자
• 글로벌 벤더사 근무경력 3년 이상
• 영어 사용 가능자"
5f294bed88c9683752dc847c,세나클소프트,기업영업,영업(마케팅)기획,https://www.wanted.co.kr/wd/40563,"• 신규 서비스(EMR) 출시에 따른 영업 전략 수립
  - 서비스 출시부터 확산까지 전반적인 영업 Plan 기획
  - 기획 단계별 상세 Action Plan 수립
  - 고객 니즈 조사를 통한 전략 도출
• 온/오프라인 채널을 통한 영업 전략 수립
  - 마케팅, 프로모션 기획","• 신규 사업 기획 및 런칭 경험
• 사업 기획 및 마케팅 관련 업무 8년 이상 경력
• 헬스케어(의료)산업에서 근무 경험
• 간결하고 명확한 커뮤니케이션 역량 보유","• EMR 관련 분야의 업무 경험이 있는 분
• SaaS 및 Cloud Service의 이해도가 높은 분
• 대고객 설문 조사 경험이 있는 분
• 의료시장 마케팅/리서치/컨설팅 업무 경력이 있는 분"
5f294bed88c9683752dc847d,버즈빌(buzzvil),기업영업,Sales Manager (광고주 영업/신입가능),https://www.wanted.co.kr/wd/40004,"모바일 광고 BuzzAD 세일즈 업무를 담당하며 상세 업무는 아래와 같습니다.
• 잠재고객 발굴
• 광고주 미팅 및 제안, 고객 관리
• 마켓&고객과 Buzzvil 간의 커뮤니케이션(징검다리)
• 효율을 높이기 위한 상품 및 타겟팅 제안","• 역량껏 업무하고, 그에 상응하는 업계 최고의 보상을 누리고 싶은 분
• 스스로 세일즈의 피가 끓고 있다고 자신하는 분
• 자율과 책임을 누리는 환경에서 즐겁게 일하실 분
• 끈기와 지구력에 자신 있는 분
• 실행력이 강한 분
• 영업을 진정으로 배우고 익히고 싶은 분
• 따뜻한 성품과 올바른 가치를 가진 분

• 지원 시 구비서류: 이력서 및 자기소개서 (자기소개서에 다음 항목에 대한 답변을 적어 주세요. A4 한장 이내)
 - 직업/경력적인 목표와 그 이유에 대해 적어 주세요.
 - 해당 직무와 관련된 본인의 장점은 무엇인가요? 구체적인 사례와 함께 적어주세요.
 - 지금까지 경험 중 가장 치열하고 꾸준하게 노력하여 얻어낸 성과는 무엇이었나요? 구체적인 사례와 함께 적어주세요.
 - 최근에 같이 활동(학교 생활, 동아리, 아르바이트, 대외활동 등 포함)한 동료 혹은 상사 3명은 누구이며, 당신과의 협업 경험에 대해 1점-10점 중 몇 점을 줄 거라고 생각하나요? 그 이유도 적어주세요.","• 모바일 광고 영업 경험
• 모바일 광고 및 마케팅에 대한 지식과 열정
• 모바일 비즈니스 경험"
5f294bed88c9683752dc847e,오지큐,기업영업,B2B 비즈니스 매니저,https://www.wanted.co.kr/wd/37330,"• OGQ API 파트너쉽 체결 및 세일즈 관리
OGQ 글로벌 크리에이터의 에셋 콘텐츠 api 연동 및 전세계의 에셋 콘텐츠가 필요한 파트너쉽을 발굴합니다.
 - OGQ 비즈니스 모델에 따른 api 타겟 고객 서칭 및 니즈 파악
 - 파트너쉽 체결 및 지속적인 관리


• B2B 및 온라인 세일즈
 - OGQ의 B2B 타겟 고객 서칭 및 니즈 파악
 - 니즈에 따른 비즈니스 전략 수립 및 제안
 - 파트너쉽 체결 및 지속적인 관리","• 글로벌 커뮤니케이션 및 국내외 파트너쉽 관련 경력 3년 이상
• B2B 세일즈와 제휴 영업의 경험, 네트워크가 있으신 분
• 시장에 대한 이해도가 있으며, 시장의 니즈를 잘 파악하고 전달하실 수 있는 분
• 다양한 모바일, 웹 서비스의 사용자 지표 개념을 이해, 분석하고 실무에 적용 가능하신 분","• E-commerce 플랫폼 운영, 마케팅, 영업 경험이 있으신 분
• 대내외 커뮤니케이션과 지속적인 파트너쉽 관리의 경험이 있으신 분 
• 디지털 콘텐츠 에디터(이미지, 비디오 등)에 대한 관심 및 트렌드를 잘 아는 분
• 타 직군, 관련 부서와의 원활한 커뮤니케이션과 협업이 가능하신 분 (문제 해결 중심의 협업)
• 문서화 스킬(제안서, 소개서 등) 및 관련 툴 활용 능력이 뛰어나신 분"
5f294bed88c9683752dc847f,바로고(barogo),기업영업,제휴영업팀 팀원,https://www.wanted.co.kr/wd/40365,"- 바로고 부가서비스 및 제휴 서비스 신규 영업
- 고객사 관리 및 지원
- 제휴 제안서 작업","- 경력 5년 ~ 7년 차 경력자
- 운전면허 소지자
- 학사 이상 학위 소지자","- 신규 매체에 대한 빠른 이해
- 제휴안 구성 능력 보유
- O2O 산업 전반에 대한 이해도
- B2B 제휴 개발 및 관리 경험 및 네트워크 보유
- 온/오프 광고매체/제휴 마케팅 영업 경력
- Platform 제휴 마케팅 경험
- 토익 800점 이상, 오피스 활용능력 우수자
- 경영학/통계학 전공 석/박사 우대"
5f294bed88c9683752dc8480,그린랩스,기업영업,"하우스 신축 기술영업(팀장,팀원)",https://www.wanted.co.kr/wd/39888,"- 시설원예 신축 통합솔루션 영업
- 시설원예 신축 관련 고객 문의 상담, 현장 미팅 진행","아래 요건 중 하나 이상 충족하는 경우 (학력 무관)

- 시설원예 경험자
- 스마트팜 교육과정 이수자
- 시설원예 학과 졸업자
- 하우스 농자재 기술영업 출신
- 농업 관련 고등학교 졸업자","- 하우스 기술영업 경험자
- 시설원예 농장 경영자 (농장 경영의 이해, 작물 생육의 이해)
- 시설원예 농자재에 대한 이해가 높은 분
- 지방 출장 가능자"
5f294bed88c9683752dc8481,코디아 아이앤티,기업영업,"온라인영업(MD영업, SCM관리)",https://www.wanted.co.kr/wd/24111,"• 종합몰, 오픈마켓, 소셜커머스, 특수 커머스 등 채널 운영 포트폴리오 수립 / 관리
• 하위 브랜드 제품별 영업 전략의 수립 및 프로모션 기획
• 온/오프라인 기획전 구성 및 운영
• 오프라인 영업전략(벤더사 위주)
• 매출 목표 수립 및 매출 관리","• 온라인 쇼핑 카테고리에 대한 상품 타당성 판단, 시장 이해도
• 능동적이고 근거를 바탕으로 한 커뮤니케이션에 능하신 분
• 온라인 커머스, 비즈니스에 대한 이해도가 높으신 분
• 산업과 소비자를 깊이 있게 이해하시는 분","• 커머스 유경험자
• F&B, 가전 시장 전반과 트렌드에 관심이 많으신 분
• 스타트업 근무 경험"
5f294bed88c9683752dc8482,Cambly,기업영업,B2B 영업 담당자,https://www.wanted.co.kr/wd/38839,"• 캠블리 서비스 상품을 기업에게 소개하고 고객사를 확보
• 기업 담당자의 만남부터 제안 과정의 제반 업무 수행, 프로젝트의 운영과 고객사 관리 등 영업활동의 전반적인 부분을 담당
• 기업용 상품을 개발하고, 수익모델을 설계
• 쿠폰 바터(Barter)나 제휴 이벤트같은 프로모션과 기업 단체 수강권 판매","• 영어로 생각을 논리 정연하게 체계화하여 커뮤니케이션이 가능한 분 (영어 커뮤니케이션 필수) 
• B2B 경력 3년 이상 (스타트업 B2B 선호)
• 기업 간 콜라보 프로젝트, B2B 커뮤니케이션에 익숙한 분
• 신규고객 발굴 고객관리에 대해 적극적으로 진행할 수 있으며, 매출달성에 대해 즐거움을 느끼는 분
• 프로젝트에 대한 강한 책임감과 정확하고 원만한 커뮤니케이션 스킬을 보유하신 분
• 제안서 작업과 제안발표 등 제안과정의 제반사항에 대해 높은 경험치를 보유한 분
• 신규 서비스 상품 개발 및 설계에 대한 이해도가 있는 분",• 스타트업 B2B 경력
5f294bed88c9683752dc8483,직방,기업영업,[사업개발팀] 신규사업 제휴/영업 담당자,https://www.wanted.co.kr/wd/39782,"- 직방 신규사업 제휴/ 영업 전략 수립 및 실행
- 아파트 관리사무소/ 입대의 / 주택관리업체 / 임대관리업체 대상 제휴 영업 수행
- 직방 신규사업 제휴/ 영업 이슈 관리 및 정책 가이드 관리
- 직방 신규사업 제휴/ 영업  파트너 니즈 분석 및 개선 사항 도출","- B2B 세일즈 경력 4년 이상
- 명확한 커뮤니케이션 스킬과 관계 구축/ 관리 역량을 보유한 분","- 부동산/ 주거 관련 IT 솔루션 영업 경력
- 스타트업/ O2O 서비스 개척 영업 경력 2년 이상
- 프롭테크 산업에 대한 높은 관심/ 이해도/ 네트워크를 가지신 분"
5f294bed88c9683752dc8484,닥터키친,기업영업,오프라인 채널 영업 담당자,https://www.wanted.co.kr/wd/37048,"- 오프라인 유통 채널 신규 입점 기획
- 오프라인 영업과 연계된 온라인몰 영업 및 상품 관리
- 기존 거래처 관리 및 신규 유통채널 발굴
- 거래처별 트렌드 분석/ 실적 분석(보고서, 레포트 작성)
- 리테일 전용 OEM, ODM 상품 기획","- 편의점, 대형마트, 백화점 등 대형유통업체 식품영업 유경험자
- 식품 관련 동종업계 경력자","- 영업 기획, 전략 업무 유경험자
- 팀워크, 소통이 우수한 자"
5f294bed88c9683752dc8485,라이프인사이드,기업영업,[골드로니] 오프라인 영업 담당자,https://www.wanted.co.kr/wd/39432,"• 오프라인 유통채널 전략수립 및 실행
• 판매데이터 분석 및 기획
• 신규 발굴 및 영업 관리
• 시장조사 및 트렌드 수집
• 매출 및 이익 관리","• 관련 업무 경력 2년 이상
• MS Office(Excel, Word, Powerpoint) 활용 가능하신 분
• 커뮤니케이션 및 적극적인 대면 영업에 익숙하신 분
• 데이터 분석 및 숫자를 활용한 커뮤니케이션에 익숙하신 분","- 4대보험
- 업무용 랩탑 및 모니터 제공
- 외부 교육비 지원
- 조식제공 
- 생일자 5시 조기퇴근
- 장기근속자 우대
- 사무실에 귀여운 진도스키가있어요"
5f294bed88c9683752dc8486,발란(BALAAN),기업영업,해외 영업 및 파트너 관리,https://www.wanted.co.kr/wd/33594,"- 해외 럭셔리 파트너 계약 (이탈리아, 프랑스, 스페인, 영국 등)
  : 제안서 작성 및 최신화 
  : 신규 계약대상 파트너사 발굴 & 경쟁력 분석
  : 영업 및 계약
  : 계약조건 협의 및 SOP(Standard Operating Procedure) 정의
- 매출 증대를 위한 부티크 관리 및 커뮤니케이션
- 매출 발생을 위한 상품등록 모니터링 및 관리
- 유럽 출장","- 영어 필수 (Native)
- 영업 관리 (Sales Operation) 경력 3년 이상
- 제안서 작성 및 프리젠테이션 능력
- 이메일과 커뮤니케이션 툴을 잘 쓰는 분 
- 적극적이고 진취적인 마인드를 갖추신 분","- 명품을 좋아하거나 온라인에서 명품을 구매해본 경험
- 스타트업 or 이커머스 경력 
- '프랑스어', ‘이탈리아어’ 활용 가능
- B2B 비즈니스 경험자 
- 럭셔리 패션 비즈니스 경험"
5f294bed88c9683752dc8487,발란(BALAAN),기업영업,해외 영업 및 파트너 관리 (이탈리아),https://www.wanted.co.kr/wd/37811,"- 해외 럭셔리 파트너 계약 (이탈리아, 프랑스, 스페인, 영국 등)
  : 제안서 작성 및 최신화 
  : 신규 계약대상 파트너사 발굴 & 경쟁력 분석
  : 영업 및 계약
  : 계약조건 협의 및 SOP(Standard Operating Procedure) 정의
- 매출 증대를 위한 부티크 관리 및 커뮤니케이션
- 매출 발생을 위한 상품등록 모니터링 및 관리
- 유럽 출장","- 이탈리아어 필수(Native)
- 영업 관리 (Sales Operation) 경력 3년 이상
- 제안서 작성 및 프리젠테이션 능력
- 이메일과 커뮤니케이션 툴을 잘 쓰는 분 
- 적극적이고 진취적인 마인드를 갖추신 분","- 명품을 좋아하거나 온라인에서 명품을 구매해본 경험
- 스타트업 or 이커머스 경력 
- B2B 비즈니스 경험자 
- 럭셔리 패션 비즈니스 경험"
5f294bed88c9683752dc8488,지냄,기업영업,게스트하우스 제휴 영업,https://www.wanted.co.kr/wd/26967,"• 게스트하우스 제휴점 영업 (현장영업 / TM)
• 전국 게스트하우스 영업 진행

• 제휴점 관리 (TM)
• 프로모션 상품 소개 및 소싱
• 제휴점 실적 모니터링 및 어드바이스

• 자사 상품 점검 및 고객 요구사항 분석
•  예약, 광고상품 점검 및 평가
• 영업 실적 및 매출 분석

• 영업 전략 수립 및 프로세스 고도화
• 상품/지역별 영업 방안 및 프로모션 기획
• 매출 증대 방안 수립
•  영업 프로세스 고도화 및 데이터 관리","• 외부 영업 업무 경력자
• 우수한 소통 역량 및 중재와 설득에 능하신 분
• 운전 가능자
• 출장/ 외근 가능자","• 여행업 / 숙박업 관련 업무 경험자
• 국내 숙박업에 대한 관심이 지대한 자
• 게스트하우스 시장에 대한 이해도가 있는 자"
5f294bed88c9683752dc8489,야놀자,기업영업,[영업기획실] 영업기획 실장,https://www.wanted.co.kr/wd/35390,"1. 사업 카테고리별 Projection & KPI 진척율 관리
- Account 확보 및 리텐션
- 광고 및 기타 매출 확보
- 야놀자 PMS Solution 세일즈 리드
- 오프라인 비즈니스 세일즈 리드

2. 사업 카테고리별 Warning sign에 대한 Top line 리포팅 및 개선안 도출
- 문제 및 원인 파악
- 단기 및 중장기 방안 도출 및 PJT 제안

3. 사업 카테고리별 영업 제반사항 지원
- 인센티브 / 광고상품 프로모션 정책 수립 및 기획
- Top down 정책 및 사업 방향에 대한 세부 Action Plan 수립 및 진척도 관리
- Bottom up 영업 의견 및 아이디어에 대한 유관부서 협의체 리드","• 유관 조직 (영업기획, 전략수립, 분석 및 PI) 리드 경험 보유
• 세일즈 채널에 대한 높은 이해도
• 사업계획 수립 및 목표 달성을 위한 전략 수립과 단기 및 중장기 Projection 및 로드맵 수립 경험 보유
• 간결하고 명확한 구두 / 문서 커뮤니케이션 역량을 보유
• 상위 유관 경력 7년 이상 보유자 대상","• 컨설팅 경력을 보유하신 분
• 각종 Task에 대한 개선 포인트 도출 및 구조화에 대한 경험 보유하신 분
• 광고플랫폼 및 이커머스 관련 서비스 분야의 영업기획, 전략, 분석 경험을 보유하신 분

* 국가유공자 예우 및 지원에 관한 법률에 의거 취업 보호 대상자 및 장애인은 관련 법규에 따라 우대합니다."
5f294bed88c9683752dc848a,민앤지,기업영업,[마케팅본부 제휴사업팀] 신규업체 발굴/관리,https://www.wanted.co.kr/wd/36836,"• 부가서비스(로그인플러스, 비밀번호 도용방지서비스 등) 온라인 광고채널 영업
• 신규 고객 발굴 및 기존 거래처 관리","• 해당 직무 3년 이상 경력
• MS 사용능력 우수자 (PPT)
• 온/오프 B2B 제휴 경력자 네트워크 보유자
• 원활한 커뮤니케이션 능력","• PC/모바일 서비스에 대한 이해와 인사이트 보유자
• B2B 제휴사 보유 또는 경험자"
5f294bed88c9683752dc848b,카페24,기업영업,[B2B협력팀] 쇼핑몰 구축 및 운영 컨설턴트,https://www.wanted.co.kr/wd/37853,"• 글로벌 기업 쇼핑몰 구축 및 운영 컨설팅
• 기업/에이전시와의 협업 및 커뮤니케이션","• 프로젝트 수행 및 관리 경험 4년 이상
• 쇼핑몰 프로젝트 기획 및 관리 경험
• 이커머스 솔루션 및 영업/제안 업무에 대한 이해
• 클라이언트와의 원할한 커뮤니케이션 역량
• 솔루션 제안서 작성 경험","• PMP 또는 정보통신 자격증 보유자
• 장애인 및 보훈 대상자"
5f294bed88c9683752dc848c,유라이크코리아,기업영업,라이브케어 국내영업(신입가능),https://www.wanted.co.kr/wd/22998,"• 당사 서비스 접점 영업 (B2G, B2C)
• 지자체 영업 (B2G), 농가 고객 관리 및 영업 (B2C)","• 4년제 정규대학 졸업(예정) 이상
• 축산, IoT, 융합산업 등에 관심이 많으신 분
• 지자체 및 농가 방문을 위한 차량운전 경험 필수 
• 영업 직무에 대한 이해도가 높고 원활한 커뮤니케이션이 가능한 인재","• 축산 전공자 (축산기사 자격증 취득자)
• 영업 및 농축산업 근무 경력 2년이상
• 농업 및 축산 영업 경험
• 일본어, 영어, 기타 외국어 우대"
5f294bed88c9683752dc848d,크리에이티브스테이츠,기업영업,사업 개발/운영 매니저 (Business Manager / Junior),https://www.wanted.co.kr/wd/36529,"• 광고주-크리에이터 매칭 플랫폼, ""뉴띵""의 클라이언트와 커뮤니케이션하며 사업을 운영합니다.
• 사업 성장에 필요한 제반 업무의 우선 순위를 설정하고 진행합니다.
• ""크리에이터가 지속가능한 소득을 얻을 수 있도록 만들자""라는 비전과 함께 신사업 계획 수립에 참여하며 런칭될 수 있도록 개발합니다.","• 유튜브 크리에이터, 광고 사업 분야에 대한 이해도가 있는 분
• 유튜브 크리에이터, 광고 사업 분야에 대해 관심 있는 분
• 글과 말로 설득력 있게 커뮤니케이션 할 수 있는 능력이 뛰어난 분
• 다수의 크리에이터, 광고주와의 교류에 있어 적극성을 가질 수 있는 분
• PPT, Keynote 등 뛰어난 프레젠테이션 문서 작성 능력을 보유하신 분
• 문제를 스스로 정의하고 해결할 수 있는 분
• 시스템을 만들고 디테일을 꼼꼼하게 챙길 수 있는 분
• 업무과정에 필요한 데이터를 측정하고, 분석할 수 있는 분","• 긍정적인 마인드를 가지고 새로운 일에 도전하기 좋아하는 분
• 진취적인 커리어, 혹은 자기계발 경험이 있는 분
• 뉴미디어, YouTube 콘텐츠 제작 유관 사업 업무 경험자
• 업무 자동화에 관심 많은 분
• 영어로 의사소통 할 수 있는 분"
5f294bed88c9683752dc848e,이스트소프트(ESTsoft),기업영업,ESTsoft 파트너 담당 영업(기업시장),https://www.wanted.co.kr/wd/37618,"모집분야  

- S/W 파트너 담당 영업사원 (기업시장)

주요업무

- 보안 소프트웨어 채널 영업 

- 보안SW 파트너사 영업 및 관리 

- 파트너사 매출 관리 및 파트너 지원 

- 기업고객 제안 발표 및 고객 관리","자격조건 

- IT제품 영업 유경험자","우대사항  

- SW 파트너사 유통영업 경험자 우대 
- 보안 SW 영업 경험 보유 및 이해자 우대"
5f294bed88c9683752dc848f,한트라드파트너스,기업영업,협동로봇/산업용로봇 부품자재 구매/관리/국내외영업,https://www.wanted.co.kr/wd/32506,"• 협동로봇/자동화기기 부품자재 구매/관리/영업(국내외)
• 관련사업 구매/관리","• 해당직무 근무경험
• 협동로봇/자동화기기 관련 분야 업무 경력자
• 협동로봇/자동화기기 부품영업부분 이해도가 높고 팀업무를 리딩할 수 있는 숙련자
• 관련학과 전공자 (4년제 대졸 이상)","• 기계공학/전기전자 전공자
• 석사 이상 우대
• 로봇설계/시스템 및 프로그램 개발 경력자"
5f294bed88c9683752dc8490,맥스트(MAXST),기업영업,영업 포지션,https://www.wanted.co.kr/wd/36610,"• AR 기술영업
• 산업용 AR 솔루션 영업","• 기술 및 솔루션 영업 경력자
• 영업 포트폴리오 필수",• 영업 네트워크 보유
5f294bed88c9683752dc8491,윈큐브마케팅,기업영업,모바일쿠폰 영업 담당자,https://www.wanted.co.kr/wd/8206,"- 신규 고객사 발굴
- 업권별 서비스 제안 및 영업
- 신규/기존, 고객사 관리/운영
- 서비스 문의 응대
- 거래처 실적 관리","- 학력무관
- 경력무관 (신입/경력)
- 엑셀/워드/파워포인트 tools 가능자","- 서비스 관리 경험자
- 유사 업종 경력자
- 밝고 긍정적인 마인드 소유자
- 업무에 대한 책임감이 넘치는 자
- 영업직무에 뚜렷한 적성 혹은 경력이 있는 자"
5f294bed88c9683752dc8492,액스,기업영업,"해외 어트랙션, 테마파크 시설물 영업",https://www.wanted.co.kr/wd/21995,"• 해외 직접 영업(베트남, 일본을 포함한 동남아, 아시아)
• 놀이공원, 테마파크, 박물관, 미술관 등 입장권을 판매하는 시설물에 AX 솔루션을 사용하도록 영업 
• 각 시설물에 영업시 필요한 제안서를 데이터와 통계로 만들 수 있는 분","• 비즈니스 영어 수준급 구사(말하기, 쓰기, 듣기)
• 회사 서비스를 잘 이해하고 여행업, 시설물, 어트랙션 등에 대한 업에서 경력이 5년 이상 있는 분
• 해외 출장 및 해외 영업에 무리가 없는 분
• 타겟 업체 조사에 물불을 가리지 않는 분
• 야생마 같으면서도 젠틀하고 TPO를 잘하시는 분","• 영어, 중국어 비즈니스를 위한 수준급
• 여행업, 시설물 판매대행 서비스등에서 영업직군으로 5년 이상 근무하신 분.
• 해외영업을 오래 경험을 가지신 분
• 실물 판매보다 솔루션 판매 영업, 기업영업에 특화된 분"
5f294bed88c9683752dc8493,진학사,기업영업,CATCH(채용 플랫폼) B2B 세일즈 매니저,https://www.wanted.co.kr/wd/26405,"• 캐치 컨텐츠(캐치TV, 캐치카페, 캐치사이트) 영업전략 수립 및 실행
• 신규고객 확보를 위한 영업/제휴
• 신규상품 기획 및 제안 작업",• 4년제 정규대학 졸업 이상,"• 홍보대행사, 채용대행사 경력자
• 광고/마케팅/채용관련 이해가 높은분
• ppt, excel 등 문서작업 우수자"
5f294bed88c9683752dc8494,큐버,기업영업,영업담당자(기술/솔루션 영업 셋톱박스 사이니지 임베디드 시스템 등),https://www.wanted.co.kr/wd/25724,"담당업무
- 기술/솔루션 영업(셋톱박스 사이니지 임베디드 시스템 등)
- 근무부서 : 영업부서","자격요건
- 경력 : 경력 5년 ~ 10년
- 직급/직책 : 과장, 차장급",• 셋톱박스 스마트미러 월패드 디지털사이니지 거래처 경력자
5f294bed88c9683752dc8495,버즈빌(buzzvil),기업영업,Senior Global Business Development Manager,https://www.wanted.co.kr/wd/26854,"• Be in charge of devising a global business strategy and executing it
• Improve the cooperation process between Buzzvil and partners, as well as different teams within Buzzvil
• Be responsible for leading outbound partnership activities of BuzzScreen/BuzzAd Benefit, mainly focused on mobile app developers, big brands with mobile apps, and telecom carriers, and delivering against assigned quota/target each quarter.
• Identify target clients and devise partnership strategies customized for each segment.
• Negotiate key terms of the agreement and close the deal.
• Be a consultant supporting partners’ mobile app business in operations, marketing and revenue optimization by collaborating with our teams internally.
• Assess the needs of our clients and gather their feedback to improve upon the existing solution.
• Manage partners’ accounts in terms of day-to-day troubleshooting and financials.
• Monitor KPIs of Buzzvil’s global offices and report it to CSO/CEO","• 7+ years of experience in any of the following: management consulting, global business development, or global sales in the mobile/Internet service industry
• Previous experience and/or knowledge in digital/mobile advertising.
• Leadership experience in leading a team of more than 3 staffs.
• Excellent communication and networking skills with a bold mindset: never be afraid of hearing ‘No’.
• Demonstrable analytical skills and proficiency in MS Excel.
• Excellent problem-solving skills to devise go-to-market strategies and improve a work process
• Strong interest in startup culture and a willingness to work proactively in a fast-paced environment as part of a small team.
• Business-level fluency in English.
• Permanent residency/citizenship and/or work authorization in Korea.","• Basic understanding of and/or curiosity in programming or mobile application products for communication with engineers.
• Fluency in any additional foreign languages, especially Japanese
• Work experience in a multi-national team
• Established network with Buzzvil’s target clients: global telecom carriers, app publishers, etc."
5f294bed88c9683752dc8496,라이더대시코리아,기업영업,인/아웃바운드 영업 담당,https://www.wanted.co.kr/wd/24215,"• 자동차 서비스 매장 영업 및 영업 기획
• 기존 매장 고객사 지원","• 필드 영업 경험 혹은 잠재력 보유자  
• 탁월한 영업 커뮤니케이션 능력 
• 수도권 및 지방 대리점 영업을 위한 차량 운전 가능 
• Excel을 통한 기본적인 고객 데이터 분석 능력","• 탁월한 제안서 작성 능력
• 스타트업에서 B2B 영업 경험
• 자동차 관련 경험 보유
• SaaS Application에 대한 이해 및 관련 기술 지식 보유"
5f294bed88c9683752dc8497,라튜오인터내셔널,기업영업,오프라인 유통 영업기획관리(팀원) /신입가능,https://www.wanted.co.kr/wd/25532,"• 전국 4대 백화점을 비롯한 대형 유통사, 각 종 유휴공간(상가, 대학, 랜드마크, 역사공간 등)을 제품(브랜드)과 매칭하는 전반적인 업무를 수행하게 됩니다.
• 전국 4대 백화점 영업 및 기획 총괄
• 시장조사 및 행사 기획
• 행사관련 DB, 행사장 및 현장직원 관리
• 자체개발 애플리케이션을 통한 운영 및 관리","• MS office 활용능력 中급 이상
• 책임감 있으며 꼼꼼한 성향을 가지신 분
• 소통에 능하고 설득하는 능력이 있는 분","• MD관련, 기획 및 마케팅 학과 졸업자
• 과거 영업 업무 관련 성과 기록 증빙자료
• 업무 뿐만 아니라 인간관계에 주도적이고 활동적인 분
• 포토샵, 일러스트 활용 가능자"
